recno,role,value
1,gangue,barite
1,gangue,calcite
1,gangue,dickite
1,gangue,fluorite
1,gangue,hydromica
1,gangue,sericite
1,gold,pyrite
1,gold,arsenopyrite
1,gold,sericite
1,gold,bitumen
1,ore,arsenopyrite
1,ore,chalcopyrite
1,ore,galena
1,ore,gold
1,ore,marcasite
1,ore,pyrite
1,ore,realgar
1,ore,sphalerite
1,ore,stibnite
2,gangue,quartz
2,gangue,"clay minerals"
2,gold,pyrite
2,gold,arsenopyrite
2,ore,arsenopyrite
2,ore,chalcopyrite
2,ore,gold
2,ore,pyrite
3,gangue,calcite
3,gangue,kaolinite
3,gangue,quartz
3,gangue,sericite
3,ore,arsenopyrite
3,ore,cinnabar
3,ore,gold
3,ore,orpiment
3,ore,pyrite
3,ore,stibnite
4,gangue,apatite
4,gangue,barite
4,gangue,calcite
4,gangue,dolomite
4,gangue,kaolinite
4,gangue,quartz
4,gold,hematite
4,ore,arsenopyrite
4,ore,chalcopyrite
4,ore,cinnabar
4,ore,electrum
4,ore,gold
4,ore,hematite
4,ore,lead
4,ore,magnetite
4,ore,orpiment
4,ore,pyrite
4,ore,realgar
4,ore,silver
4,ore,stibnite
4,ore,tennantite
5,gangue,albite
5,gangue,barite
5,gangue,calcite
5,gangue,dolomite
5,gangue,Fe-dolomite
5,gangue,graphite
5,gangue,kaolinite
5,gangue,montmorillonite
5,gangue,muscovite/sericite
5,gangue,quartz
5,gold,As-pyrite
5,gold,"clay minerals"
5,gold,pyrite
5,ore,arsenic
5,ore,arsenopyrite
5,ore,As-pyrite
5,ore,chalcopyrite
5,ore,cinnabar
5,ore,famatinite
5,ore,gold
5,ore,limonite
5,ore,marcasite
5,ore,orpiment
5,ore,pyrite
5,ore,pyrrhotite
5,ore,realgar
5,ore,scheelite
5,ore,sphalerite
5,ore,stibnite
5,ore,tetrahedrite
6,gangue,barite
6,gangue,chalcedony
6,gangue,illite
6,gangue,quartz
6,gangue,sericite
6,gold,As-pyrite
6,gold,Fe-oxide
6,ore,arsenic
6,ore,arsenopyrite
6,ore,As-pyrite
6,ore,chalcopyrite
6,ore,cinnabar
6,ore,galena
6,ore,gold
6,ore,limonite
6,ore,pyrite
6,ore,realgar
6,ore,sphalerite
7,gangue,ankerite
7,gangue,barite
7,gangue,calcite
7,gangue,chlorite
7,gangue,dolomite
7,gangue,fluorite
7,gangue,illite
7,gangue,melanterite
7,gangue,muscovite/sericite
7,gangue,quartz
7,gold,arsenopyrite
7,gold,As-pyrite
7,gold,pyrite
7,gold,sericite-illite
7,ore,arsenopyrite
7,ore,As-pyrite
7,ore,chalcopyrite
7,ore,gold
7,ore,hematite
7,ore,ilmenite
7,ore,limonite
7,ore,magnetite
7,ore,marcasite
7,ore,pyrite
7,ore,pyrrhotite
7,ore,sphalerite
7,ore,stibnite
8,gangue,apatite
8,gangue,barite
8,gangue,biotite
8,gangue,bitumen
8,gangue,calcite
8,gangue,chalcedony
8,gangue,chlorite
8,gangue,dickite
8,gangue,dolomite
8,gangue,epidote
8,gangue,fluorite
8,gangue,garnet
8,gangue,hornblende
8,gangue,hydromica
8,gangue,illite
8,gangue,jarosite
8,gangue,kaolinite
8,gangue,montmorillonite
8,gangue,muscovite
8,gangue,quartz
8,gangue,siderite
8,gangue,zircon
8,gold,Fe-oxide
8,gold,quartz
8,ore,arsenolite
8,ore,arsenopyrite
8,ore,chalcopyrite
8,ore,cinnabar
8,ore,copper
8,ore,covellite
8,ore,galena
8,ore,goethite
8,ore,gold
8,ore,iron
8,ore,limonite
8,ore,magnetite
8,ore,marcasite
8,ore,molybdenite
8,ore,orpiment
8,ore,pyrite
8,ore,pyrrhotite
8,ore,realgar
8,ore,rutile
8,ore,scorodite
8,ore,senarmontite
8,ore,sphalerite
8,ore,stibnite
8,ore,valentinite
8,ore,zinc
9,gangue,barite
9,gangue,calcite
9,gangue,jarosite
9,gangue,kaolinite
9,gangue,muscovite/sericite
9,gangue,quartz
9,gangue,
9,gold,jarosite
9,gold,pyrite
9,gold,quartz
9,ore,chalcopyrite
9,ore,galena
9,ore,gold
9,ore,leucoxene
9,ore,limonite
9,ore,molybdenite
9,ore,pyrite
9,ore,stibnite
10,gangue,calcite
10,gangue,montmorillonite
10,gangue,quartz
10,gangue,sericite
10,gold,"native Au"
10,ore,arsenopyrite
10,ore,gold
10,ore,limonite
10,ore,pyrite
11,gangue,anatase
11,gangue,ankerite
11,gangue,apatite
11,gangue,bitumen
11,gangue,calcite
11,gangue,chalcedony
11,gangue,dolomite
11,gangue,illite
11,gangue,kaolinite
11,gangue,muscovite/sericite
11,gangue,quartz
11,gangue,tourmaline
11,gold,As-pyrite
11,gold,hematite
11,gold,pyrite
11,gold,quartz
11,ore,arsenic
11,ore,arsenopyrite
11,ore,As-pyrite
11,ore,boulangerite
11,ore,cinnabar
11,ore,galena
11,ore,hematite
11,ore,limonite
11,ore,mercury
11,ore,orpiment
11,ore,pyrite
11,ore,realgar
11,ore,sphalerite
11,ore,stibnite
12,gangue,albite
12,gangue,ankerite
12,gangue,barite
12,gangue,calcite
12,gangue,chalcedony
12,gangue,dickite
12,gangue,fluorite
12,gangue,graphite
12,gangue,kaolinite
12,gangue,muscovite/sericite
12,gangue,quartz
12,gold,arsenopyrite
12,gold,As-pyrite
12,gold,pyrite
12,ore,arsenopyrite
12,ore,As-pyrite
12,ore,bornite
12,ore,cerussite
12,ore,chalcopyrite
12,ore,cinnabar
12,ore,galena
12,ore,hematite
12,ore,limonite
12,ore,pyrite
12,ore,pyrrhotite
12,ore,scorodite
12,ore,silver
12,ore,sphalerite
12,ore,stibnite
12,ore,tennantite
12,ore,valentinite
13,gangue,ankerite
13,gangue,barite
13,gangue,bitumen
13,gangue,calcite
13,gangue,chlorite
13,gangue,dolomite
13,gangue,illite
13,gangue,kaolinite
13,gangue,muscovite/sericite
13,gangue,quartz
13,gangue,siderite
13,gold,As-pyrite
13,gold,arsenopyrite
13,ore,arsenic
13,ore,arsenopyrite
13,ore,As-pyrite
13,ore,azurite
13,ore,chalcopyrite
13,ore,cinnabar
13,ore,covellite
13,ore,galena
13,ore,gold
13,ore,electrum
13,ore,Hg-gold
13,ore,hematite
13,ore,limonite
13,ore,marcasite
13,ore,orpiment
13,ore,pyrite
13,ore,pyrrhotite
13,ore,realgar
13,ore,sphalerite
13,ore,stibnite
13,ore,tetrahedrite
14,gangue,allophane
14,gangue,bitumen
14,gangue,calcite
14,gangue,chalcedony
14,gangue,chlorite
14,gangue,dickite
14,gangue,dolomite
14,gangue,gypsum
14,gangue,illite
14,gangue,jarosite
14,gangue,kaolinite
14,gangue,montmorillonite
14,gangue,muscovite/sericite
14,gangue,quartz
14,gangue,siderite
14,gangue,vermiculite
14,gangue,zeolite
14,gold,As-pyrite
14,gold,pyrite
14,gold,tiemannite
14,ore,antimonselite
14,ore,arsenopyrite
14,ore,As-pyrite
14,ore,aurostibite
14,ore,berzelianite
14,ore,bornite
14,ore,chalcocite
14,ore,chalcopyrite
14,ore,cinnabar
14,ore,clausthalite
14,ore,clinohedrite
14,ore,covellite
14,ore,electrum
14,ore,famatinite
14,ore,ferroselite
14,ore,galena
14,ore,gersdorffite
14,ore,goethite
14,ore,gold
14,ore,kullerudite
14,ore,küstelite
14,ore,lautite
14,ore,limonite
14,ore,marcasite
14,ore,metacinnabar
14,ore,molybdenite
14,ore,orpiment
14,ore,polydymite
14,ore,pyrite
14,ore,pyrrhotite
14,ore,realgar
14,ore,Se-covellite
14,ore,Se-stibnite
14,ore,silver
14,ore,sphalerite
14,ore,stibnite
14,ore,Zn-tennantite
14,ore,Zn-tetrahedrite
14,ore,tiemannite
14,ore,trustedtite
14,ore,uraninite
14,ore,vaesite
15,gangue,apatite
15,gangue,barite
15,gangue,calcite
15,gangue,chalcedony
15,gangue,dickite
15,gangue,dolomite
15,gangue,epidote
15,gangue,"feldspar group"
15,gangue,fluorite
15,gangue,gypsum
15,gangue,hydromica
15,gangue,jarosite
15,gangue,kaolinite
15,gangue,kyanite
15,gangue,monazite
15,gangue,muscovite/sericite
15,gangue,quartz
15,gangue,tourmaline
15,gangue,xenotime
15,ore,acanthite
15,ore,azurite
15,ore,balkanite
15,ore,bismuthinite
15,ore,cassiterite
15,ore,chalcopyrite
15,ore,cinnabar
15,ore,copper
15,ore,covellite
15,ore,galena
15,ore,gold
15,ore,hematite
15,ore,limonite
15,ore,magnetite
15,ore,orpiment
15,ore,pyrite
15,ore,pyrolusite
15,ore,realgar
15,ore,silver
15,ore,sphalerite
15,ore,stibnite
16,gangue,barite
16,gangue,calcite
16,gangue,dolomite
16,gangue,fluorite
16,gangue,gypsum
16,gangue,K-feldspar
16,gangue,kaolinite
16,gangue,muscovite/sericite
16,gangue,quartz
16,ore,aktashite
16,ore,arsenopyrite
16,ore,As-pyrite
16,ore,cinnabar
16,ore,gold
16,ore,orpiment
16,ore,pyrite
16,ore,pyrrhotite
16,ore,realgar
16,ore,stibnite
17,gangue,ankerite
17,gangue,barite
17,gangue,calcite
17,gangue,chlorite
17,gangue,dolomite
17,gangue,muscovite/sericite
17,gangue,quartz
17,gangue,sericite
17,gangue,siderite
17,gold,limonite
17,gold,quartz
17,gold,siderite
17,ore,arsenopyrite
17,ore,As-pyrite
17,ore,goethite
17,ore,gold
17,ore,limonite
17,ore,orpiment
17,ore,pyrite
17,ore,realgar
17,ore,stibiconite
17,ore,scheelite
17,ore,scorodite
17,ore,stibnite
17,ore,tungstite
17,ore,valentinite
18,gangue,calcite
18,gangue,muscovite/sericite
18,gangue,quartz
18,gold,pyrite
18,gold,arsenopyrite
18,ore,arsenopyrite
18,ore,chalcopyrite
18,ore,galena
18,ore,orpiment
18,ore,pyrite
18,ore,sphalerite
19,gangue,barite
19,gangue,chalcedony
19,gangue,dolomite
19,gangue,fluorite
19,gangue,illite
19,gangue,kaolinite
19,gangue,quartz
19,gold,limonite
19,gold,pyrite
19,ore,arsenopyrite
19,ore,gold
19,ore,limonite
19,ore,pyrite
19,ore,sphalerite
19,ore,stibnite
20,gangue,allanite
20,gangue,alunite
20,gangue,anhydrite
20,gangue,biotite
20,gangue,bitumen
20,gangue,calcite
20,gangue,chlorite
20,gangue,dolomite
20,gangue,epidote
20,gangue,gypsum
20,gangue,kaolinite
20,gangue,muscovite/sericite
20,gangue,pyrophyllite
20,gangue,quartz
20,gold,pyrite
20,gold,limonite
20,ore,arsenopyrite
20,ore,As-pyrite
20,ore,bournonite
20,ore,chalcanthite
20,ore,chalcopyrite
20,ore,cinnabar
20,ore,galena
20,ore,limonite
20,ore,marcasite
20,ore,orpiment
20,ore,pyrite
20,ore,pyrrhotite
20,ore,realgar
20,ore,rutile
20,ore,scheelite
20,ore,sphalerite
20,ore,stibnite
20,ore,tetrahedrite
21,gangue,barite
21,gangue,dickite
21,gangue,muscovite/sericite
21,gangue,quartz
21,gold,barite
21,gold,quartz
21,ore,antimonselite
21,ore,bornite
21,ore,chalcopyrite
21,ore,cinnabar
21,ore,clausthalite
21,ore,covellite
21,ore,famatinite
21,ore,galena
21,ore,gersdorffite
21,ore,gold
21,ore,kullerudite
21,ore,lautite
21,ore,marcasite
21,ore,molybdenite
21,ore,orpiment
21,ore,penroseite
21,ore,polydymite
21,ore,pyrite
21,ore,pyrrhotite
21,ore,realgar
21,ore,Se-covellite
21,ore,Se-stibioluzonite
21,ore,Se-stibnite
21,ore,selenium
21,ore,sphalerite
21,ore,stibnite
21,ore,tennantite
21,ore,tiemannite
21,ore,trustedtite
21,ore,uraninite
21,ore,vaesite
22,gangue,anatase
22,gangue,barite
22,gangue,calcite
22,gangue,dolomite
22,gangue,fluorite
22,gangue,illite
22,gangue,kaolinite
22,gangue,quartz
22,gangue,smectite
22,gold,pyrite
22,gold,quartz
22,ore,arsenopyrite
22,ore,cinnabar
22,ore,goethite
22,ore,gold
22,ore,limonite
22,ore,marcasite
22,ore,pyrite
22,ore,realgar
22,ore,stibnite
23,gangue,carbonate
23,gangue,muscovite/sericite
23,gangue,quartz
23,ore,arsenopyrite
23,ore,gold
23,ore,pyrite
24,gangue,bitumen
24,gangue,calcite
24,gangue,dolomite
24,gangue,fluorite
24,gangue,illite
24,gangue,kaolinite
24,gangue,quartz
24,gangue,sericite
24,gold,arsenopyrite
24,gold,As-pyrite
24,gold,"clay minerals"
24,gold,pyrite
24,ore,arsenopyrite
24,ore,As-pyrite
24,ore,cinnabar
24,ore,gold
24,ore,hematite
24,ore,magnetite
24,ore,marcasite
24,ore,orpiment
24,ore,pyrite
24,ore,realgar
24,ore,stibnite
25,gangue,ankerite
25,gangue,barite
25,gangue,bitumen
25,gangue,"clay minerals"
25,gangue,dolomite
25,gangue,gypsum
25,gangue,quartz
25,gangue,sericite
25,ore,arsenopyrite
25,ore,cinnabar
25,ore,electrum
25,ore,gold
25,ore,marcasite
25,ore,mercury
25,ore,pyrite
25,ore,sphalerite
25,ore,stibnite
26,gangue,allanite
26,gangue,apatite
26,gangue,barite
26,gangue,biotite
26,gangue,calcite
26,gangue,chlorite
26,gangue,"clay minerals"
26,gangue,dolomite
26,gangue,epidote
26,gangue,graphite
26,gangue,quartz
26,gangue,siderite
26,gold,As-pyrite
26,gold,limonite
26,gold,pyrite
26,gold,realgar
26,ore,arsenopyrite
26,ore,As-pyrite
26,ore,cinnabar
26,ore,goethite
26,ore,gold
26,ore,limonite
26,ore,magnetite
26,ore,orpiment
26,ore,pyrite
26,ore,pyrrhotite
26,ore,realgar
26,ore,rutile
26,ore,scorodite
26,ore,scorodite
26,ore,sphalerite
26,ore,stibnite
27,gangue,quartz
27,gangue,sericite
27,ore,goethite
27,ore,hematite
27,ore,pyrite
27,ore,pyrolusite
28,gangue,ankerite
28,gangue,barite
28,gangue,bitumen
28,gangue,calcite
28,gangue,Fe-dolomite
28,gangue,illite
28,gangue,kaolinite
28,gangue,muscovite/sericite
28,gangue,quartz
28,gold,As-pyrite
28,gold,pyrite
28,gold,"clay minerals"
28,ore,As-pyrite
28,ore,arsenic
28,ore,arsenopyrite
28,ore,chalcopyrite
28,ore,cinnabar
28,ore,galena
28,ore,limonite
28,ore,marcasite
28,ore,orpiment
28,ore,pyrite
28,ore,realgar
28,ore,sphalerite
28,ore,stibnite
28,ore,wakabayashilite
29,gangue,calcite
29,gangue,quartz
29,gangue,sericite
29,ore,arsenopyrite
29,ore,cinnabar
29,ore,gold
29,ore,magnetite
29,ore,pyrite
29,ore,realgar
29,ore,stibnite
30,gangue,ankerite
30,gangue,calcite
30,gangue,chlorite
30,gangue,dolomite
30,gangue,feldspar
30,gangue,kaolinite
30,gangue,muscovite/sericite
30,gangue,quartz
30,gangue,rhodochrosite
30,gangue,siderite
30,gold,ankerite
30,gold,As-pyrite
30,gold,galena
30,gold,coloradoite
30,ore,arsenopyrite
30,ore,As-pyrite
30,ore,bournonite
30,ore,chalcopyrite
30,ore,chalcostibite
30,ore,cobaltite
30,ore,coloradoite
30,ore,covellite
30,ore,"Cu-Zn alloy"
30,ore,"Cu-Ni alloy"
30,ore,"Ni-Cu-Sn-Fe-Zn alloys(intermetallic compounds)"
30,ore,galena
30,ore,gold
30,ore,hematite
30,ore,lepidocrocite
30,ore,limonite
30,ore,malachite
30,ore,melonite
30,ore,molybdenite
30,ore,nickel
30,ore,pyrite
30,ore,rutile
30,ore,scheelite
30,ore,sphalerite
30,ore,stibnite
30,ore,tennantite/tetrahedrite
30,ore,zinkenite
31,gangue,apatite
31,gangue,jarosite
31,gangue,quartz
31,gangue,sericite
31,gold,"carbonaceous material"
31,gold,pyrite
31,gold,limonite
31,gold,sericite
31,gold,
31,ore,arsenopyrite
31,ore,As-pyrite
31,ore,"Co-Ni-As-S mineral"
31,ore,gold
31,ore,Hg-pyrite
31,ore,limonite
31,ore,pyrite
31,ore,rutile
32,gangue,calcite
32,gangue,chlorite
32,gangue,feldspar
32,gangue,muscovite/sericite
32,gangue,quartz
32,gangue,
32,ore,arsenopyrite
32,ore,chalcopyrite
32,ore,gold
32,ore,pyrite
32,ore,sphalerite
32,ore,stibnite
33,gangue,anatase
33,gangue,barite
33,gangue,calcite
33,gangue,chlorite
33,gangue,dolomite
33,gangue,illite
33,gangue,jarosite
33,gangue,kaolinite
33,gangue,muscovite/sericite
33,gangue,quartz
33,gold,arsenopyrite
33,gold,As-pyrite
33,gold,calcite
33,gold,"clay minerals"
33,gold,dolomite
33,gold,pyrite
33,ore,arsenopyrite
33,ore,As-pyrite
33,ore,bornite
33,ore,chalcopyrite
33,ore,cinnabar
33,ore,galena
33,ore,goethite
33,ore,gold
33,ore,ferrihydrite
33,ore,hematite
33,ore,limonite
33,ore,lorandite
33,ore,magnetite
33,ore,marcasite
33,ore,orpiment
33,ore,pyrite
33,ore,realgar
33,ore,sphalerite
33,ore,stibnite
33,ore,tennantite
34,gangue,alunite
34,gangue,calcite
34,gangue,chalcedony
34,gangue,cinnabar
34,gangue,dickite
34,gangue,dolomite
34,gangue,halloysite
34,gangue,illite-smectite
34,gangue,kaolinite
34,gangue,quartz
34,gold,As-pyrite
34,ore,As-pyrite
34,ore,cinnabar
34,ore,gold
34,ore,marcasite
34,ore,orpiment
34,ore,pyrite
34,ore,realgar
34,ore,stibiconite
34,ore,stibnite
35,gangue,apatite
35,gangue,barite
35,gangue,bitumen
35,gangue,calcite
35,gangue,dolomite
35,gangue,fluorite
35,gangue,illite
35,gangue,kaolinite
35,gangue,quartz
35,gangue,sericite
35,gold,As-pyrite
35,gold,pyrite
35,gold,orpiment
35,gold,realgar
35,ore,aktashite
35,ore,As-pyrite
35,ore,boulangerite
35,ore,chalcopyrite
35,ore,cinnabar
35,ore,coloradoite
35,ore,covellite
35,ore,daliranite
35,ore,galena
35,ore,geocronite
35,ore,getchellite
35,ore,goethite
35,ore,gold
35,ore,lautite
35,ore,lollingite
35,ore,lorandite
35,ore,marcasite
35,ore,melnikovite
35,ore,metacinnabar
35,ore,orpiment
35,ore,plagionite
35,ore,pyrite
35,ore,pyrrhotite
35,ore,realgar
35,ore,semseyite
35,ore,silver
35,ore,simonite
35,ore,sphalerite
35,ore,stibnite
35,ore,twinnite
35,ore,uraninite
36,gangue,calcite
36,gangue,dickite
36,gangue,epidote
36,gangue,quartz
36,gangue,sericite
36,gangue,wollastonite
36,gold,arsenic
36,gold,pyrite
36,ore,antimony
36,ore,arsenic
36,ore,arsenopyrite
36,ore,chalcopyrite
36,ore,galena
36,ore,gold
36,ore,orpiment
36,ore,pyrite
36,ore,realgar
36,ore,sarabauite
36,ore,sphalerite
36,ore,stibnite
37,gangue,calcite
37,gangue,"clay minerals"
37,gangue,quartz
37,ore,hematite
37,ore,jarosite
37,ore,limonite
37,ore,gold
38,gangue,barite
38,gangue,dolomite
38,gangue,illite
38,gangue,kaolinite
38,gangue,quartz
38,ore,arsenopyrite
38,ore,cinnabar
38,ore,orpiment
38,ore,pyrite
39,gangue,alunite
39,gangue,barite
39,gangue,calcite
39,gangue,dolomite
39,gangue,illite
39,gangue,jarosite
39,gangue,kaolinite
39,gangue,pyrobitumen
39,gangue,quartz
39,gold,quartz
39,gold,pyrite
39,ore,arsenopyrite
39,ore,As-pyrite
39,ore,goethite
39,ore,gold
39,ore,hematite
39,ore,marcasite
39,ore,orpiment
39,ore,pyrite
39,ore,realgar
39,ore,stibnite
40,gangue,"adularia (109±2 Ma"
40,gangue,K-Ar)
40,gangue,barite
40,gangue,calcite
40,gangue,chalcedony
40,gangue,kaolinite
40,gangue,quartz
40,gold,Fe-oxide
40,gold,quartz
40,ore,arsenopyrite
40,ore,As-pyrite
40,ore,cinnabar
40,ore,galena
40,ore,hematite
40,ore,limonite
40,ore,Mn-oxide
40,ore,orpiment
40,ore,pyrite
40,ore,sphalerite
40,ore,stannite
40,ore,wolframite
41,gangue,barite
41,gangue,calcite
41,gangue,illite
41,gangue,kaolinite
41,gangue,quartz
41,gangue,sericite
41,gold,Fe-oxide
41,gold,quartz
41,ore,Fe-oxide
41,ore,gold
41,ore,marcasite
41,ore,orpiment
41,ore,pyrite
42,gangue,barite
42,gangue,calcite
42,gangue,illite
42,gangue,kaolinite
42,gangue,quartz
42,gangue,sericite
42,gold,Fe-oxide
42,gold,quartz
42,ore,Fe-oxide
42,ore,gold
42,ore,marcasite
42,ore,orpiment
42,ore,pyrite
43,gangue,"clay minerals"
43,gangue,barite
43,gangue,quartz
43,gold,Fe-oxide
43,ore,Fe-oxide
44,gangue,barite
44,gangue,calcite
44,gangue,clinozoisite
44,gangue,dolomite
44,gangue,fluorite
44,gangue,graphite
44,gangue,illite
44,gangue,kaolinite
44,gangue,pyrophyllite
44,gangue,quartz
44,gangue,sericite
44,gangue,siderite
44,gangue,tremolite
44,gangue,zeolite
44,gold,As-pyrite
44,ore,acanthite
44,ore,arsenic
44,ore,arsenopyrite
44,ore,As-pyrite
44,ore,boulangerite
44,ore,cadmium
44,ore,chalcopyrite
44,ore,cinnabar
44,ore,galena
44,ore,galkhaite
44,ore,gersdorffite
44,ore,marcasite
44,ore,millerite
44,ore,molybdenite
44,ore,orpiment
44,ore,pyrite
44,ore,pyrobitumen
44,ore,pyrrhotite
44,ore,realgar
44,ore,rutile
44,ore,scheelite
44,ore,siegenite
44,ore,sphalerite
44,ore,stibnite
44,ore,tennantite/tetrahedrite
44,ore,violarite
45,gangue,barite
45,gangue,calcite
45,gangue,chalcedony
45,gangue,"clay minerals"
45,gangue,quartz
45,gold,"silt matrix"
45,ore,cinnabar
45,ore,goethite
45,ore,gold
45,ore,hematite
45,ore,leucoxene
45,ore,magnetite
45,ore,pyrite
45,ore,tetrahedrite
46,gangue,calcite
46,gangue,chlorite
46,gangue,diaspore
46,gangue,dickite
46,gangue,epidote
46,gangue,illite
46,gangue,kaolinite
46,gangue,montmorillonite
46,gangue,muscovite/sericite
46,gangue,pyrophyllite
46,gangue,quartz
46,gangue,smectite
46,gold,kaolinite
46,gold,montmorillonite
46,ore,azurite
46,ore,chrysocolla
46,ore,euchroite
46,ore,gold
46,ore,malachite
46,ore,pyrite
46,ore,sphalerite
46,ore,stibnite
46,ore,turquoise
47,gangue,barite
47,gangue,quartz
47,gangue,illite
47,gangue,kaolinite
47,gangue,montmorillonite
47,gangue,sericite
47,gold,hematite
47,gold,"clay minerals"
47,gold,quartz
47,ore,goethite
47,ore,hematite
47,ore,stibnite
48,gangue,barite
48,gangue,dolomite
48,gangue,illite
48,gangue,kaolinite
48,gangue,quartz
48,gold,As-pyrite
48,gold,illite
48,ore,arsenopyrite
48,ore,gold
48,ore,pyrite
48,ore,sphalerite
48,ore,stibnite
49,gangue,calcite
49,gangue,quartz
49,gold,Fe-oxide
49,ore,goethite
49,ore,hematite
49,ore,limonite
49,ore,pyrite
50,gangue,dolomite
50,gangue,illite
50,gangue,kaolinite
50,gangue,quartz
50,ore,arsenopyrite
50,ore,gold
50,ore,pyrite
51,gangue,barite
51,gangue,carbon
51,gangue,dolomite
51,gangue,illite
51,gangue,kaolinite
51,gangue,montmorillonite
51,gangue,quartz
51,gold,illite
51,gold,pyrite
51,gold,quartz
51,ore,arsenic
51,ore,arsenolite
51,ore,cinnabar
51,ore,ellisite
51,ore,galena
51,ore,gold
51,ore,hematite
51,ore,goethite
51,ore,jordanite
51,ore,limonite
51,ore,orpiment
51,ore,pyrite
51,ore,realgar
51,ore,scorodite
51,ore,sphalerite
51,ore,schuetteite
51,ore,stibnite
51,ore,tennantite
52,gangue,barite
52,gangue,calcite
52,gangue,hydrocarbon
52,gangue,kaolinite
52,gangue,quartz
52,ore,goethite
52,ore,gold
52,ore,hematite
52,ore,limonite
52,ore,marcasite
52,ore,pyrite
53,gangue,barite
53,gangue,dolomite
53,gangue,hydrocarbon
53,gangue,quartz
53,gold,pyrite
53,ore,As-pyrite
53,ore,orpiment
53,ore,pyrite
53,ore,realgar
54,gangue,calcite
54,gangue,carbon
54,gangue,dolomite
54,gangue,quartz
54,gold,Fe-oxide
54,gold,pyrite
54,gold,quartz
54,ore,arsenopyrite
54,ore,As-pyrite
54,ore,goethite
54,ore,gold
54,ore,hematite
54,ore,pyrite
54,ore,pyrrhotite
54,ore,realgar
54,ore,stibnite
55,gangue,calcite
55,gangue,quartz
55,gold,As-pyrite
55,ore,aktashite
55,ore,As-pyrite
55,ore,cinnabar
55,ore,Cu-oxide
55,ore,Fe-oxide
55,ore,Hg-pyrite
55,ore,"Ni-As sulfide"
55,ore,orpiment
55,ore,pyrite
55,ore,realgar
55,ore,stibnite
56,gangue,barite
56,gangue,dolomite
56,gangue,fluorapatite
56,gangue,quartz
56,gold,pyrite
56,gold,quartz
56,ore,acanthite
56,ore,Ag-selenide
56,ore,gold
56,ore,pyrite
56,ore,senarmontite
56,ore,stibnite
57,gangue,barite
57,gangue,calcite
57,gangue,chlorite
57,gangue,dolomite
57,gangue,epidote
57,gangue,illite
57,gangue,kaolinite
57,gangue,montmorillonite
57,gangue,muscovite/sericite
57,gangue,quartz
57,gangue,siderite
57,gangue,smectite
57,gold,As-pyrite
57,ore,arsenopyrite
57,ore,As-pyrite
57,ore,chalcopyrite
57,ore,galena
57,ore,gold
57,ore,marcasite
57,ore,molybdenite
57,ore,orpiment
57,ore,pyrite
57,ore,pyrrhotite
57,ore,realgar
57,ore,sphalerite
58,gangue,barite
58,gangue,kaolinite
58,gangue,quartz
58,ore,Fe-oxide
58,ore,gold
58,ore,hematite
58,ore,pyrite
59,gangue,barite
59,gangue,"clay minerals"
59,gangue,quartz
59,gold,"Fe oxide"
59,ore,anatase
59,ore,limonite
59,ore,hematite
60,gangue,alunite
60,gangue,barite
60,gangue,illite
60,gangue,jarosite
60,gangue,kaolinite
60,gangue,quartz
60,gold,Fe-oxide
60,gold,"visible gold"
60,ore,As-pyrite
60,ore,hematite
60,ore,gold
60,ore,pyrite
62,gangue,barite
62,gangue,calcite
62,gangue,kaolinite
62,gangue,quartz
62,ore,goethite
62,ore,gold
62,ore,hematite
62,ore,limonite
62,ore,marcasite
62,ore,pyrite
63,gangue,ankerite
63,gangue,barite
63,gangue,dolomite
63,gangue,illite
63,gangue,jarosite
63,gangue,kaolinite
63,gangue,montmorillonite
63,gangue,quartz
63,ore,arsenopyrite
63,ore,cinnabar
63,ore,galkhaite
63,ore,gold
63,ore,lorandite
63,ore,marcasite
63,ore,orpiment
63,ore,pyrite
63,ore,realgar
63,ore,sphalerite
63,ore,stibnite
63,ore,tetrahedrite
63,ore,valentinite
64,gangue,ankerite
64,gangue,apophyllite
64,gangue,barite
64,gangue,biotite
64,gangue,calcite
64,gangue,diopside
64,gangue,dolomite
64,gangue,fluorite
64,gangue,garnet
64,gangue,illite
64,gangue,jarosite
64,gangue,K-feldspar
64,gangue,kaolinite
64,gangue,muscovite/sericite
64,gangue,quartz
64,gangue,siderite
64,gangue,wollastonite
64,gold,As-sulfide
64,gold,galkhaite
64,gold,marcasite
64,gold,pyrite
64,gold,quartz
64,ore,acanthite
64,ore,aktashite
64,ore,arsenopyrite
64,ore,As-pyrite
64,ore,bornite
64,ore,chalcopyrite
64,ore,cinnabar
64,ore,coloradoite
64,ore,copper
64,ore,electrum
64,ore,galena
64,ore,galkhaite
64,ore,gold
64,ore,getchellite
64,ore,hübnerite
64,ore,jordanite
64,ore,laffittite
64,ore,lorandite
64,ore,magnetite
64,ore,marcasite
64,ore,metacinnabar
64,ore,molybdenite
64,ore,orpiment
64,ore,pyrite
64,ore,pyrrhotite
64,ore,realgar
64,ore,scheelite
64,ore,silver
64,ore,sphalerite
64,ore,stibnite
64,ore,tvalchrelidzeite
64,ore,wakabayashilite
64,ore,uytenbogaardtite
65,gangue,barite
65,gangue,calcite
65,gangue,dolomite
65,gangue,illite
65,gangue,kaolinite
65,gangue,quartz
65,gold,As-pyrite
65,gold,quartz
65,ore,As-pyrite
65,ore,goethite
65,ore,gold
65,ore,hematite
65,ore,pyrite
66,gangue,actinolite
66,gangue,calcite
66,gangue,diopside
66,gangue,dolomite
66,gangue,epidote
66,gangue,garnet
66,gangue,gypsum
66,gangue,jarosite
66,gangue,kaolinite
66,gangue,melanterite
66,gangue,quartz
66,gangue,tremolite
66,gold,pyrite
66,ore,arsenopyrite
66,ore,azurite
66,ore,chalcopyrite
66,ore,galena
66,ore,goethite
66,ore,gold
66,ore,hematite
66,ore,limonite
66,ore,magnetite
66,ore,marcasite
66,ore,molybdenite
66,ore,powellite
66,ore,pyrite
66,ore,pyrrhotite
66,ore,realgar
66,ore,scheelite
66,ore,sphalerite
67,gangue,barite
67,gangue,calcite
67,gangue,quartz
67,gold,Fe-oxide
67,ore,gold
67,ore,hematite
67,ore,limonite
67,ore,Mn-oxide
67,ore,orpiment
67,ore,pyrite
67,ore,stibiconite
67,ore,realgar
68,gangue,barite
68,gangue,calcite
68,gangue,quartz
68,gold,Fe-oxide
68,ore,goethite
68,ore,hematite
68,ore,limonite
68,ore,pyrite
69,gangue,alunite
69,gangue,barite
69,gangue,calcite
69,gangue,celestite
69,gangue,dolomite
69,gangue,gypsum
69,gangue,illite/smectite
69,gangue,kaolinite
69,gangue,mica
69,gangue,phosphate
69,gangue,quartz
69,gold,pyrite
69,gold,marcasite
69,ore,arsenopyrite
69,ore,cinnabar
69,ore,goethite
69,ore,hematite
69,ore,limonite
69,ore,marcasite
69,ore,melanterite
69,ore,orpiment
69,ore,pyrite
69,ore,realgar
69,ore,scorodite
69,ore,stibiconite
69,ore,stibnite
70,gangue,barite
70,gangue,bitumen
70,gangue,calcite
70,gangue,kaolinite
70,gangue,oil
70,gangue,quartz
70,gold,quartz
70,ore,acanthite
70,ore,covellite
70,ore,electrum
70,ore,hematite
70,ore,limonite
70,ore,
71,gangue,alunite
71,gangue,apatite
71,gangue,barite
71,gangue,calcite
71,gangue,cummingtonite
71,gangue,fluorite
71,gangue,kaolinite
71,gangue,illite
71,gangue,jarosite
71,gangue,monazite
71,gangue,montmorillonite
71,gangue,muscovite/sericite
71,gangue,plumbogummite
71,gangue,quartz
71,gangue,siderite
71,gangue,xenotime
71,gangue,zircon
71,gold,pyrite
71,gold,marcasite
71,gold,"native Au"
71,ore,anatase
71,ore,arsenopyrite
71,ore,azurite
71,ore,bindheimite
71,ore,brochantite
71,ore,cerussite
71,ore,chalcanthite
71,ore,chalcocite
71,ore,chalcopyrite
71,ore,cinnabar
71,ore,conichalcite
71,ore,copper
71,ore,covellite
71,ore,cuprite
71,ore,galena
71,ore,gold
71,ore,gersdorffite
71,ore,greenockite
71,ore,hematite
71,ore,marcasite
71,ore,orpiment
71,ore,pyrite
71,ore,pyrolusite
71,ore,realgar
71,ore,rutile
71,ore,scorodite
71,ore,selenium
71,ore,sphalerite
71,ore,stibnite
71,ore,tetrahedrite
71,ore,tiemmanite
71,ore,torbernite
71,ore,tremolite
71,ore,uraninite
71,ore,vanadinite
72,gangue,quartz
72,ore,cinnabar
72,ore,pyrite
72,ore,realgar
72,ore,stibiconite
72,ore,stibnite
73,gangue,barite
73,gangue,calcite
73,gangue,quartz
73,gold,Fe-oxide
73,ore,hematite
73,ore,limonite
73,ore,pyrite
74,gangue,barite
74,gangue,carbonate
74,gangue,chalcedony
74,gangue,gypsum
74,gangue,illite
74,gangue,jarosite
74,gangue,montmorillonite
74,gangue,quartz
74,gangue,tourmaline
74,gold,"Fe and Mn oxides"
74,ore,arsenopyrite
74,ore,Fe-oxide
74,ore,gold
74,ore,Mn-oxide
74,ore,orpiment
74,ore,pyrite
74,ore,realgar
74,ore,sphalerite
74,ore,stibnite
75,gangue,barite
75,gangue,calcite
75,gangue,halloysite
75,gangue,jarosite
75,gangue,kaolinite
75,gangue,quartz
75,gangue,sericite
75,gold,"Fe oxide"
75,ore,chalcopyrite
75,ore,limonite
75,ore,pyrite
75,ore,scorodite
75,ore,sphalerite
75,ore,stibiconite
76,gangue,calcite
76,gangue,"clay minerals"
76,gangue,quartz
76,ore,limonite
76,ore,pyrite
76,ore,
77,gangue,alunite
77,gangue,barite
77,gangue,calcite
77,gangue,fluorite
77,gangue,jarosite
77,gangue,quartz
77,ore,arsenopyrite
77,ore,carbon
77,ore,cinnabar
77,ore,gold
77,ore,hematite
77,ore,pyrite
77,ore,stibnite
78,gangue,calcite
78,gangue,chalcanthite
78,gangue,dolomite
78,gangue,gypsum
78,gangue,illite
78,gangue,quartz
78,ore,goethite
78,ore,gold
78,ore,hematite
78,ore,limonite
78,ore,marcasite
78,ore,pyrite
79,gangue,barite
79,gangue,"clay minerals"
79,gangue,fluorite
79,gangue,quartz
79,gold,quartz
79,ore,goethite
79,ore,limonite
79,ore,pyrite
80,gangue,dickite
80,gangue,illite
80,gangue,kaolinite
80,gangue,quartz
80,gold,Fe-oxide
80,gold,pyrite
80,gold,quartz
80,ore,arsenopyrite
80,ore,chalcopyrite
80,ore,cinnabar
80,ore,gold
80,ore,limonite
80,ore,pyrite
80,ore,sphalerite
80,ore,tennantite/tetrahedrite
81,gangue,apatite
81,gangue,dolomite
81,gangue,illite
81,gangue,kaolinite
81,gangue,muscovite/sericite
81,gangue,quartz
81,gold,pyrite
81,ore,chalcopyrite
81,ore,galena
81,ore,gold
81,ore,marcasite
81,ore,pyrite
81,ore,pyrrhotite
81,ore,rutile
81,ore,sphalerite
81,ore,tetrahedrite
82,gangue,dolomite
82,gangue,illite
82,gangue,kaolinite
82,gangue,muscovite/sericite
82,gangue,quartz
82,gangue,smectite
82,gold,As-pyrite
82,gold,gold
82,ore,As-pyrite
82,ore,goethite
82,ore,hematite
82,ore,gold
82,ore,pyrite
82,ore,scorodite
83,gangue,ankerite
83,gangue,"clay minerals"
83,gangue,dolomite
83,gangue,quartz
83,gangue,siderite
83,gold,quartz
83,ore,arsenopyrite
83,ore,As-pyrite
83,ore,As-siderite
83,ore,Fe-oxide
83,ore,gold
83,ore,pyrite
83,ore,realgar
84,gangue,illite
84,gangue,quartz
84,gangue,sericite
84,gold,pyrite
84,gold,"native Au"
84,ore,hematite
84,ore,limonite
84,ore,pyrite
85,gangue,ankerite
85,gangue,barite
85,gangue,dolomite
85,gangue,illite
85,gangue,jarosite
85,gangue,kaolinite
85,gangue,montmorillonite
85,gangue,quartz
85,ore,arsenopyrite
85,ore,cinnabar
85,ore,galkhaite
85,ore,gold
85,ore,lorandite
85,ore,marcasite
85,ore,orpiment
85,ore,pyrite
85,ore,realgar
85,ore,sphalerite
85,ore,stibnite
85,ore,tetrahedrite
85,ore,valentinite
86,gangue,barite
86,gangue,bitumen
86,gangue,calcite
86,gangue,dolomite
86,gangue,kaolinite
86,gangue,quartz
86,gangue,smectite
86,gold,As-pyrite
86,gold,"native Au"
86,ore,arsenopyrite
86,ore,As-pyrite
86,ore,boulangerite
86,ore,galena
86,ore,gold
86,ore,pyrite
86,ore,sphalerite
86,ore,stibnite
86,ore,tetrahedrite
87,gangue,alunite
87,gangue,barite
87,gangue,calcite
87,gangue,carbon
87,gangue,chlorite
87,gangue,illite
87,gangue,kaolinite
87,gangue,muscovite/sericite
87,gangue,talc
87,gold,As-pyrite
87,gold,Fe-oxide
87,ore,arsenopyrite
87,ore,As-pyrite
87,ore,chalcopyrite
87,ore,galena
87,ore,goethite
87,ore,gold
87,ore,limonite
87,ore,marcasite
87,ore,orpiment
87,ore,pyrite
87,ore,realgar
87,ore,sphalerite
88,gangue,alunite
88,gangue,barite
88,gangue,calcite
88,gangue,chalcedony
88,gangue,halloysite
88,gangue,jarosite
88,gangue,kaolinite
88,gangue,sericite
88,gangue,quartz
88,gangue,tourmaline
88,gold,As-pyrite
88,gold,marcasite
88,gold,Tl-pyrite
88,ore,As-pyrite
88,ore,azurite/malachite
88,ore,cerargyrite
88,ore,christite
88,ore,cinnabar
88,ore,fangite
88,ore,gillulyite
88,ore,gold
88,ore,hematite
88,ore,lorandite
88,ore,raguinite
88,ore,marcasite
88,ore,orpiment
88,ore,realgar
88,ore,silver
88,ore,stibnite
88,ore,stibiconite
88,ore,tiemannite
88,ore,Tl-pyrite
89,gangue,"alunite (19.7±0.5 Ma"
89,gangue,K-Ar)
89,gangue,amphibole
89,gangue,barite
89,gangue,diopside
89,gangue,dolomite
89,gangue,garnet
89,gangue,kaolinite
89,gangue,montmorillonite
89,gangue,phlogopite
89,gangue,quartz
89,gangue,sericite
89,gangue,siderite
89,ore,arsenopyrite
89,ore,As-pyrite
89,ore,bismuthinite
89,ore,chalcocite
89,ore,chalcopyrite
89,ore,conichalcite
89,ore,copper
89,ore,covellite
89,ore,digenite
89,ore,faustite
89,ore,Fe-oxide
89,ore,galena
89,ore,gold
89,ore,hematite
89,ore,hemimorphite
89,ore,limonite
89,ore,malachite
89,ore,molybdenite
89,ore,pyrite
89,ore,scheelite
89,ore,sphalerite
89,ore,stibnite
89,ore,tennantite
89,ore,tetradymite
90,gangue,dolomite
90,gangue,illite
90,gangue,kaolinite
90,gangue,quartz
90,ore,arsenopyrite
90,ore,gold
90,ore,pyrite
91,gangue,barite
91,gangue,dolomite
91,gangue,illite
91,gangue,kaolinite
91,gangue,quartz
91,ore,arsenopyrite
91,ore,gold
91,ore,pyrite
91,ore,sphalerite
91,ore,stibnite
93,gangue,barite
93,gangue,calcite
93,gangue,chlorite
93,gangue,dolomite
93,gangue,quartz
93,gangue,sericite/illite
93,gold,goethite
93,gold,pyrite
93,gold,quartz
93,ore,arsenopyrite
93,ore,As-sulfosalt
93,ore,Au-telluride
93,ore,azurite/malachite
93,ore,electrum
93,ore,cerargyrite
93,ore,chalcopyrite
93,ore,"Cu-Sb sulfide"
93,ore,galena
93,ore,goethite
93,ore,gold
93,ore,marcasite
93,ore,molybdenite
93,ore,pyrite
93,ore,sphalerite
93,ore,stibnite
94,gangue,barite
94,gangue,"clay minerals"
94,gangue,quartz
94,ore,hematite
94,ore,limonite
94,ore,pyrite
96,gangue,dolomite
96,gangue,illite
96,gangue,kaolinite
96,gangue,quartz
96,ore,arsenopyrite
96,ore,gold
96,ore,pyrite
97,gangue,calcite
97,gangue,quartz
97,gold,Fe-oxide
97,ore,Cu-oxide
97,ore,Fe-oxide
97,ore,gold
97,ore,Mn-oxide
98,gangue,alunite
98,gangue,barite
98,gangue,kaolinite
98,gangue,montmorillonite
98,gangue,quartz
98,gold,Fe-oxide
98,gold,pyrite
98,ore,arsenopyrite
98,ore,bournonite
98,ore,chalcopyrite
98,ore,cinnabar
98,ore,copper
98,ore,covellite
98,ore,famatinite
98,ore,Fe-oxide
98,ore,galena
98,ore,"geocronite (?)"
98,ore,gersdorffite
98,ore,gold
98,ore,marcasite
98,ore,pyrite
98,ore,realgar
98,ore,scorodite
98,ore,sphalerite
98,ore,stibnite
99,gangue,barite
99,gangue,calcite
99,gangue,carbon
99,gangue,illite
99,gangue,kaolinite
99,gangue,muscovite/sericite
99,gangue,quartz
99,gangue,scapolite
99,gold,hematite
99,gold,quartz
99,ore,goethite
99,ore,gold
99,ore,hematite
99,ore,limonite
99,ore,orpiment
99,ore,pyrite
100,gangue,barite
100,gangue,quartz
100,gangue,calcite
100,ore,Fe-oxide
100,ore,gold
100,ore,hematite
101,gangue,calcite
101,gangue,dolomite
101,gangue,quartz
101,gangue,
101,gold,pyrite
101,gold,quartz
101,ore,arsenopyrite
101,ore,chalcocite
101,ore,chalcopyrite
101,ore,goethite
101,ore,gold
101,ore,lepidocrocite
101,ore,magnetite
101,ore,marcasite
101,ore,pyrite
101,ore,sphalerite
101,ore,tennantite/tetrahedrite
102,gangue,alunite
102,gangue,apatite
102,gangue,barite
102,gangue,biotite
102,gangue,calcite
102,gangue,carbon
102,gangue,dolomite
102,gangue,illite
102,gangue,jarosite
102,gangue,kaolinite
102,gangue,montmorillonite
102,gangue,quartz
102,gangue,siderite
102,gangue,weilerite
102,gold,As-pyrite
102,gold,quartz
102,ore,arsenopyrite
102,ore,As-pyrite
102,ore,cinnabar
102,ore,goethite
102,ore,gold
102,ore,hematite
102,ore,marcasite
102,ore,pyrite
102,ore,realgar
102,ore,rutile
102,ore,sphalerite
103,gangue,"carbon (remobilized)"
103,gangue,"clay minerals"
103,gangue,quartz
103,ore,As-pyrite
103,ore,pyrite
104,gangue,barite
104,gangue,calcite
104,gangue,dickite
104,gangue,illite
104,gangue,kaolinite
104,gangue,quartz
104,gold,pyrite
104,gold,marcasite
104,ore,arsenopyrite
104,ore,As-pyrite
104,ore,Cu-sulfosalt
104,ore,galena
104,ore,gold
104,ore,marcasite
104,ore,"pyrargyrite (?)"
104,ore,pyrite
104,ore,realgar
104,ore,silver
104,ore,sphalerite
105,gangue,dolomite
105,gangue,illite
105,gangue,kaolinite
105,gangue,quartz
105,ore,arsenopyrite
105,ore,gold
105,ore,pyrite
106,gangue,barite
106,gangue,calcite
106,gangue,dolomite
106,gangue,illite
106,gangue,kaolinite
106,gangue,quartz
106,gold,As-pyrite
106,gold,quartz
106,ore,As-pyrite
106,ore,goethite
106,ore,gold
106,ore,hematite
106,ore,pyrite
109,gangue,apatite
109,gangue,dolomite
109,gangue,illite
109,gangue,kaolinite
109,gangue,quartz
109,gold,marcasite
109,gold,kaolinite
109,ore,arsenopyrite
109,ore,carlinite
109,ore,gold
109,ore,marcasite
109,ore,orpiment
109,ore,pyrite
109,ore,realgar
109,ore,stibnite
110,gangue,dolomite
110,gangue,illite
110,gangue,kaolinite
110,gangue,quartz
110,ore,arsenopyrite
110,ore,gold
110,ore,pyrite
111,gangue,barite
111,gangue,dolomite
111,gangue,fluorapatite
111,gangue,quartz
111,gold,pyrite
111,ore,acanthite
111,ore,Ag-selenide
111,ore,"Ag-Sb enriched pyrite"
111,ore,"Au-enriched pyrite"
111,ore,gold
111,ore,pyrite
111,ore,senarmontite
111,ore,sphalerite
111,ore,stibnite
111,ore,tennantite/tetrahedrite
112,gangue,barite
112,gangue,calcite
112,gangue,jarosite
112,gangue,quartz
112,gold,arsenopyrite
112,gold,"pyrite (75%)"
112,gold,"quartz (25%)"
112,ore,arsenopyrite
112,ore,cinnabar
112,ore,goethite
112,ore,gold
112,ore,marcasite
112,ore,orpiment
112,ore,pyrite
112,ore,realgar
112,ore,scorodite
112,ore,sphalerite
112,ore,stibnite
112,ore,variscite
113,gangue,barite
113,gangue,calcite
113,gangue,dolomite
113,gangue,illite
113,gangue,kaolinite
113,gangue,montmorillonite
113,gangue,quartz
113,gold,"clay minerals"
113,gold,pyrite
113,ore,orpiment
113,ore,pyrite
113,ore,realgar
114,gangue,alunite
114,gangue,kaolinite
114,gangue,quartz
114,gangue,sericite
114,gold,"clay minerals"
114,gold,quartz
114,ore,hematite
114,ore,limonite
114,ore,pyrite
114,ore,sphalerite
115,gangue,adularia
115,gangue,barite
115,gangue,calcite
115,gangue,dickite
115,gangue,dolomite
115,gangue,illite
115,gangue,K-feldspar
115,gangue,kaolinite
115,gangue,muscovite/sericite
115,gangue,phlogopite
115,gangue,quartz
115,gangue,rhodochrosite
115,gold,As-pyrite
115,ore,arsenopyrite
115,ore,As-pyrite
115,ore,calaverite
115,ore,chalcopyrite
115,ore,cinnabar
115,ore,coloradoite
115,ore,galena
115,ore,galkhaite
115,ore,gold
115,ore,marcasite
115,ore,orpiment
115,ore,pyrite
115,ore,pyrrhotite
115,ore,realgar
115,ore,sphalerite
115,ore,stibnite
115,ore,tellurium
115,ore,tetrahedrite
115,ore,variscite
116,gangue,dolomite
116,gangue,illite
116,gangue,kaolinite
116,gangue,quartz
116,ore,arsenopyrite
116,ore,gold
116,ore,pyrite
117,gangue,dolomite
117,gangue,illite
117,gangue,kaolinite
117,gangue,quartz
117,gangue,smectite
117,gold,hematite
117,ore,goethite
117,ore,hematite
117,ore,gold
117,ore,scorodite
118,gangue,calcite
118,gangue,dolomite
118,gangue,illite
118,gangue,jarosite
118,gangue,kaolinite
118,gangue,quartz
118,ore,goethite
118,ore,gold
118,ore,hematite
118,ore,limonite
118,ore,marcasite
118,ore,pyrite
119,gangue,quartz
119,ore,arsenopyrite
119,ore,limonite
119,ore,pyrite
119,ore,scorodite
120,gangue,barite
120,gangue,calcite
120,gangue,hydrocarbon
120,gangue,kaolinite
120,gangue,quartz
120,ore,goethite
120,ore,gold
120,ore,hematite
120,ore,limonite
120,ore,marcasite
120,ore,pyrite
121,gangue,carbonate
121,gangue,quartz
121,gold,gold
121,ore,Fe-oxide
121,ore,pyrite
122,gold,gold
123,gangue,alunite
123,gangue,barite
123,gangue,calcite
123,gangue,dolomite
123,gangue,illite
123,gangue,jarosite
123,gangue,kaolinite
123,gangue,oil
123,gangue,pyrobitumen
123,gangue,quartz
123,gold,quartz
123,ore,goethite
123,ore,gold
123,ore,hematite
123,ore,limonite
123,ore,marcasite
123,ore,orpiment
123,ore,pyrite
123,ore,realgar
123,ore,stibnite
